,Unnamed: 0,Well,Drug,Concentration,Exp,Target_JAK2,Target_SIK3
0,0,A01_DGE1,bx-912,0.3,DGE1,JAK2,NA
1,1,A02_DGE1,hg-9-91-01,10.0,DGE1,NA,SIK3
2,2,A03_DGE1,pha-665752,0.3,DGE1,JAK2,NOT_SIK3
3,3,A04_DGE1,chitosan,1.0,DGE1,NA,NA
4,4,A05_DGE1,bortezomib,1.0,DGE1,NA,NA
5,5,A06_DGE1,(+)-jq1,0.3,DGE1,NA,NA
6,6,A07_DGE1,brivanib,1.0,DGE1,NOT_JAK2,NOT_SIK3
7,7,A08_DGE1,mg-132,10.0,DGE1,NA,NA
8,8,A09_DGE1,torin1,0.3,DGE1,NA,NOT_SIK3
9,9,A10_DGE1,bx-912,1.0,DGE1,JAK2,NA
10,10,A11_DGE1,tofacitinib,10.0,DGE1,JAK2,NOT_SIK3
11,11,A12_DGE1,fedratinib,1.0,DGE1,JAK2,SIK3
12,12,A13_DGE1,kw2449,10.0,DGE1,JAK2,SIK3
13,13,A14_DGE1,sb202190,0.3,DGE1,NOT_JAK2,NA
14,14,A15_DGE1,(+)-jq1,1.0,DGE1,NA,NA
15,15,A16_DGE1,ldn-193189,10.0,DGE1,NA,NA
16,16,A17_DGE1,zm-447439,10.0,DGE1,JAK2,NOT_SIK3
17,17,A18_DGE1,kw2449,3.0,DGE1,JAK2,SIK3
18,18,A19_DGE1,a443654,10.0,DGE1,NOT_JAK2,NA
19,19,A20_DGE1,r 59-022,0.3,DGE1,NA,NA
20,20,A21_DGE1,pha-665752,10.0,DGE1,JAK2,NOT_SIK3
21,21,A22_DGE1,dsrna +lipo,,DGE1,NA,NA
22,22,A23_DGE1,dsrna +lipo,,DGE1,NA,NA
23,23,A24_DGE1,rotenone,1.0,DGE1,NA,NA
24,24,B01_DGE1,gsk1059615,1.0,DGE1,NA,NOT_SIK3
25,25,B02_DGE1,tofacitinib,10.0,DGE1,JAK2,NOT_SIK3
26,26,B03_DGE1,fccp,1.0,DGE1,NA,NA
27,27,B04_DGE1,cabozantinib,1.0,DGE1,NA,NA
28,28,B05_DGE1,brivanib,3.0,DGE1,NOT_JAK2,NOT_SIK3
29,29,B06_DGE1,metformin,0.3,DGE1,NA,NA
30,30,B07_DGE1,gsk1059615,10.0,DGE1,NA,NOT_SIK3
31,31,B08_DGE1,tofacitinib,0.3,DGE1,JAK2,NOT_SIK3
32,32,B09_DGE1,sb202190,10.0,DGE1,NOT_JAK2,NA
33,33,B10_DGE1,pf04217903,10.0,DGE1,JAK2,NA
34,34,B11_DGE1,ruxolitinib,1.0,DGE1,JAK2,SIK3
35,35,B12_DGE1,ruxolitinib,10.0,DGE1,JAK2,SIK3
36,36,B13_DGE1,plx-4720,0.3,DGE1,NOT_JAK2,NOT_SIK3
37,37,B14_DGE1,tofacitinib,1.0,DGE1,JAK2,NOT_SIK3
38,38,B15_DGE1,pazopanib,1.0,DGE1,JAK2,NOT_SIK3
39,39,B16_DGE1,alisertib,1.0,DGE1,JAK2,NA
40,40,B17_DGE1,plx-4720,10.0,DGE1,NOT_JAK2,NOT_SIK3
41,41,B18_DGE1,barasertib,3.0,DGE1,JAK2,NA
42,42,B19_DGE1,cabozantinib,3.0,DGE1,NA,NA
43,43,B20_DGE1,bortezomib,10.0,DGE1,NA,NA
44,44,B21_DGE1,gsk1070916,3.0,DGE1,NA,NA
45,45,B22_DGE1,nvp-tae684,0.3,DGE1,JAK2,SIK3
46,46,B23_DGE1,(+)-jq1,0.3,DGE1,NA,NA
47,47,B24_DGE1,gsk1059615,3.0,DGE1,NA,NOT_SIK3
48,48,C01_DGE1,plx-4720,10.0,DGE1,NOT_JAK2,NOT_SIK3
49,49,C02_DGE1,gsk1059615,0.3,DGE1,NA,NOT_SIK3
50,50,C03_DGE1,torin1,1.0,DGE1,NA,NOT_SIK3
51,51,C04_DGE1,pf04217903,1.0,DGE1,JAK2,NA
52,52,C05_DGE1,lps,,DGE1,NA,NA
53,53,C06_DGE1,barasertib,10.0,DGE1,JAK2,NA
54,54,C07_DGE1,alisertib,0.3,DGE1,JAK2,NA
55,55,C08_DGE1,hg-9-91-01,3.0,DGE1,NA,SIK3
56,56,C09_DGE1,r 59949,1.0,DGE1,NA,NA
57,57,C10_DGE1,mg-132,10.0,DGE1,NA,NA
58,58,C11_DGE1,ruxolitinib,3.0,DGE1,JAK2,SIK3
59,59,C12_DGE1,sb202190,3.0,DGE1,NOT_JAK2,NA
60,60,C13_DGE1,r 59949,0.3,DGE1,NA,NA
61,61,C14_DGE1,r 59949,10.0,DGE1,NA,NA
62,62,C15_DGE1,r 59949,10.0,DGE1,NA,NA
63,63,C16_DGE1,pf04217903,10.0,DGE1,JAK2,NA
64,64,C17_DGE1,ldn-193189,1.0,DGE1,NA,NA
65,65,C18_DGE1,lps,,DGE1,NA,NA
66,66,C19_DGE1,r 59949,1.0,DGE1,NA,NA
67,67,C20_DGE1,brivanib,3.0,DGE1,NOT_JAK2,NOT_SIK3
68,68,C21_DGE1,r 59-022,1.0,DGE1,NA,NA
69,69,C22_DGE1,mg-132,1.0,DGE1,NA,NA
70,70,C23_DGE1,barasertib,3.0,DGE1,JAK2,NA
71,71,C24_DGE1,pazopanib,3.0,DGE1,JAK2,NOT_SIK3
72,72,D01_DGE1,barasertib,10.0,DGE1,JAK2,NA
73,73,D02_DGE1,rotenone,10.0,DGE1,NA,NA
74,74,D03_DGE1,brivanib,10.0,DGE1,NOT_JAK2,NOT_SIK3
75,75,D04_DGE1,fccp,1.0,DGE1,NA,NA
76,76,D05_DGE1,a443654,0.3,DGE1,NOT_JAK2,NA
77,77,D06_DGE1,nvp-tae684,0.3,DGE1,JAK2,SIK3
78,78,D07_DGE1,bx-912,3.0,DGE1,JAK2,NA
79,79,D08_DGE1,cabozantinib,3.0,DGE1,NA,NA
80,80,D09_DGE1,torin1,3.0,DGE1,NA,NOT_SIK3
81,81,D10_DGE1,ruxolitinib,10.0,DGE1,JAK2,SIK3
82,82,D11_DGE1,a443654,1.0,DGE1,NOT_JAK2,NA
83,83,D12_DGE1,metformin,3.0,DGE1,NA,NA
84,84,D13_DGE1,barasertib,10.0,DGE1,JAK2,NA
85,85,D14_DGE1,fedratinib,0.3,DGE1,JAK2,SIK3
86,86,D15_DGE1,tofacitinib,3.0,DGE1,JAK2,NOT_SIK3
87,87,D16_DGE1,cabozantinib,3.0,DGE1,NA,NA
88,88,D17_DGE1,r 59949,1.0,DGE1,NA,NA
89,89,D18_DGE1,kw2449,0.3,DGE1,JAK2,SIK3
90,90,D19_DGE1,pha-665752,3.0,DGE1,JAK2,NOT_SIK3
91,91,D20_DGE1,metformin,1.0,DGE1,NA,NA
92,92,D21_DGE1,barasertib,3.0,DGE1,JAK2,NA
93,93,D22_DGE1,brivanib,10.0,DGE1,NOT_JAK2,NOT_SIK3
94,94,D23_DGE1,(+)-jq1,1.0,DGE1,NA,NA
95,95,D24_DGE1,naked dsrna,,DGE1,NA,NA
96,96,E01_DGE1,metformin,10.0,DGE1,NA,NA
97,97,E02_DGE1,pha-665752,1.0,DGE1,JAK2,NOT_SIK3
98,98,E03_DGE1,hg-9-91-01,0.3,DGE1,NA,SIK3
99,99,E04_DGE1,(+)-jq1,0.3,DGE1,NA,NA
100,100,E05_DGE1,plx-4720,0.3,DGE1,NOT_JAK2,NOT_SIK3
101,101,E06_DGE1,zm-447439,0.3,DGE1,JAK2,NOT_SIK3
102,102,E07_DGE1,bx-912,10.0,DGE1,JAK2,NA
103,103,E08_DGE1,bortezomib,1.0,DGE1,NA,NA
104,104,E09_DGE1,brivanib,1.0,DGE1,NOT_JAK2,NOT_SIK3
105,105,E10_DGE1,fedratinib,1.0,DGE1,JAK2,SIK3
106,106,E11_DGE1,gsk1070916,10.0,DGE1,NA,NA
107,107,E12_DGE1,hg-9-91-01,1.0,DGE1,NA,SIK3
108,108,E13_DGE1,lps,,DGE1,NA,NA
109,109,E14_DGE1,a443654,0.3,DGE1,NOT_JAK2,NA
110,110,E15_DGE1,tofacitinib,1.0,DGE1,JAK2,NOT_SIK3
111,111,E16_DGE1,r 59-022,1.0,DGE1,NA,NA
112,112,E17_DGE1,rotenone,10.0,DGE1,NA,NA
113,113,E18_DGE1,entinostat,1.0,DGE1,NA,NA
114,114,E19_DGE1,ruxolitinib,10.0,DGE1,JAK2,SIK3
115,115,E20_DGE1,r 59-022,3.0,DGE1,NA,NA
116,116,E21_DGE1,sb202190,1.0,DGE1,NOT_JAK2,NA
117,117,E22_DGE1,fccp,10.0,DGE1,NA,NA
118,118,E23_DGE1,sb202190,10.0,DGE1,NOT_JAK2,NA
119,119,E24_DGE1,a443654,10.0,DGE1,NOT_JAK2,NA
120,120,F01_DGE1,ruxolitinib,3.0,DGE1,JAK2,SIK3
121,121,F02_DGE1,zm-447439,10.0,DGE1,JAK2,NOT_SIK3
122,122,F03_DGE1,pha-665752,0.3,DGE1,JAK2,NOT_SIK3
123,123,F04_DGE1,gsk1059615,1.0,DGE1,NA,NOT_SIK3
124,124,F05_DGE1,cabozantinib,0.3,DGE1,NA,NA
125,125,F06_DGE1,kw2449,3.0,DGE1,JAK2,SIK3
126,126,F07_DGE1,hg-9-91-01,1.0,DGE1,NA,SIK3
127,127,F08_DGE1,(+)-jq1,3.0,DGE1,NA,NA
128,128,F09_DGE1,zm-447439,1.0,DGE1,JAK2,NOT_SIK3
129,129,F10_DGE1,ldn-193189,1.0,DGE1,NA,NA
130,130,F11_DGE1,drug_control,,DGE1,NA,NA
131,131,F12_DGE1,r 59949,0.3,DGE1,NA,NA
132,132,F13_DGE1,r 59949,0.3,DGE1,NA,NA
133,133,F14_DGE1,rotenone,1.0,DGE1,NA,NA
134,134,F15_DGE1,hg-9-91-01,0.3,DGE1,NA,SIK3
135,135,F16_DGE1,alisertib,10.0,DGE1,JAK2,NA
136,136,F17_DGE1,(+)-jq1,1.0,DGE1,NA,NA
137,137,F18_DGE1,gsk1070916,1.0,DGE1,NA,NA
138,138,F19_DGE1,r 59-022,3.0,DGE1,NA,NA
139,139,F20_DGE1,fccp,10.0,DGE1,NA,NA
140,140,F21_DGE1,r 59-022,0.3,DGE1,NA,NA
141,141,F22_DGE1,hg-9-91-01,1.0,DGE1,NA,SIK3
142,142,F23_DGE1,pf04217903,0.3,DGE1,JAK2,NA
143,143,F24_DGE1,mg-132,1.0,DGE1,NA,NA
144,144,G01_DGE1,sb202190,1.0,DGE1,NOT_JAK2,NA
145,145,G02_DGE1,bx-912,10.0,DGE1,JAK2,NA
146,146,G03_DGE1,r 59949,3.0,DGE1,NA,NA
147,147,G04_DGE1,gsk1070916,10.0,DGE1,NA,NA
148,148,G05_DGE1,entinostat,1.0,DGE1,NA,NA
149,149,G06_DGE1,r 59-022,10.0,DGE1,NA,NA
150,150,G07_DGE1,sb202190,0.3,DGE1,NOT_JAK2,NA
151,151,G08_DGE1,bortezomib,3.0,DGE1,NA,NA
152,152,G09_DGE1,sb202190,3.0,DGE1,NOT_JAK2,NA
153,153,G10_DGE1,hg-9-91-01,10.0,DGE1,NA,SIK3
154,154,G11_DGE1,metformin,1.0,DGE1,NA,NA
155,155,G12_DGE1,entinostat,10.0,DGE1,NA,NA
156,156,G13_DGE1,fedratinib,3.0,DGE1,JAK2,SIK3
157,157,G14_DGE1,cabozantinib,10.0,DGE1,NA,NA
158,158,G15_DGE1,lipo control,,DGE1,NA,NA
159,159,G16_DGE1,a443654,10.0,DGE1,NOT_JAK2,NA
160,160,G17_DGE1,gsk1059615,0.3,DGE1,NA,NOT_SIK3
161,161,G18_DGE1,tofacitinib,10.0,DGE1,JAK2,NOT_SIK3
162,162,G19_DGE1,bortezomib,10.0,DGE1,NA,NA
163,163,G20_DGE1,tofacitinib,3.0,DGE1,JAK2,NOT_SIK3
164,164,G21_DGE1,pf04217903,10.0,DGE1,JAK2,NA
165,165,G22_DGE1,pha-665752,3.0,DGE1,JAK2,NOT_SIK3
166,166,G23_DGE1,pazopanib,10.0,DGE1,JAK2,NOT_SIK3
167,167,G24_DGE1,drug_control,,DGE1,NA,NA
168,168,H01_DGE1,sb202190,1.0,DGE1,NOT_JAK2,NA
169,169,H02_DGE1,nvp-tae684,1.0,DGE1,JAK2,SIK3
170,170,H03_DGE1,fedratinib,10.0,DGE1,JAK2,SIK3
171,171,H04_DGE1,alisertib,3.0,DGE1,JAK2,NA
172,172,H05_DGE1,a443654,3.0,DGE1,NOT_JAK2,NA
173,173,H06_DGE1,metformin,3.0,DGE1,NA,NA
174,174,H07_DGE1,pha-665752,3.0,DGE1,JAK2,NOT_SIK3
175,175,H08_DGE1,brivanib,0.3,DGE1,NOT_JAK2,NOT_SIK3
176,176,H09_DGE1,drug_control,,DGE1,NA,NA
177,177,H10_DGE1,pf04217903,1.0,DGE1,JAK2,NA
178,178,H11_DGE1,zm-447439,1.0,DGE1,JAK2,NOT_SIK3
179,179,H12_DGE1,ruxolitinib,3.0,DGE1,JAK2,SIK3
180,180,H13_DGE1,ruxolitinib,1.0,DGE1,JAK2,SIK3
181,181,H14_DGE1,bortezomib,3.0,DGE1,NA,NA
182,182,H15_DGE1,metformin,10.0,DGE1,NA,NA
183,183,H16_DGE1,r 59949,10.0,DGE1,NA,NA
184,184,H17_DGE1,entinostat,0.3,DGE1,NA,NA
185,185,H18_DGE1,bortezomib,0.3,DGE1,NA,NA
186,186,H19_DGE1,gsk1059615,10.0,DGE1,NA,NOT_SIK3
187,187,H20_DGE1,ldn-193189,1.0,DGE1,NA,NA
188,188,H21_DGE1,cabozantinib,10.0,DGE1,NA,NA
189,189,H22_DGE1,fedratinib,3.0,DGE1,JAK2,SIK3
190,190,H23_DGE1,entinostat,0.3,DGE1,NA,NA
191,191,H24_DGE1,a443654,1.0,DGE1,NOT_JAK2,NA
192,192,I01_DGE1,cabozantinib,10.0,DGE1,NA,NA
193,193,I02_DGE1,kw2449,1.0,DGE1,JAK2,SIK3
194,194,I03_DGE1,brivanib,0.3,DGE1,NOT_JAK2,NOT_SIK3
195,195,I04_DGE1,nvp-tae684,3.0,DGE1,JAK2,SIK3
196,196,I05_DGE1,gsk1070916,3.0,DGE1,NA,NA
197,197,I06_DGE1,brivanib,0.3,DGE1,NOT_JAK2,NOT_SIK3
198,198,I07_DGE1,torin1,0.3,DGE1,NA,NOT_SIK3
199,199,I08_DGE1,pha-665752,0.3,DGE1,JAK2,NOT_SIK3
200,200,I09_DGE1,barasertib,0.3,DGE1,JAK2,NA
201,201,I10_DGE1,sb202190,3.0,DGE1,NOT_JAK2,NA
202,202,I11_DGE1,kw2449,1.0,DGE1,JAK2,SIK3
203,203,I12_DGE1,fccp,1.0,DGE1,NA,NA
204,204,I13_DGE1,ldn-193189,3.0,DGE1,NA,NA
205,205,I14_DGE1,ldn-193189,3.0,DGE1,NA,NA
206,206,I15_DGE1,(+)-jq1,10.0,DGE1,NA,NA
207,207,I16_DGE1,nvp-tae684,10.0,DGE1,JAK2,SIK3
208,208,I17_DGE1,entinostat,3.0,DGE1,NA,NA
209,209,I18_DGE1,nvp-tae684,10.0,DGE1,JAK2,SIK3
210,210,I19_DGE1,a443654,3.0,DGE1,NOT_JAK2,NA
211,211,I20_DGE1,cabozantinib,1.0,DGE1,NA,NA
212,212,I21_DGE1,bortezomib,10.0,DGE1,NA,NA
213,213,I22_DGE1,ldn-193189,0.3,DGE1,NA,NA
214,214,I23_DGE1,fedratinib,10.0,DGE1,JAK2,SIK3
215,215,I24_DGE1,pazopanib,0.3,DGE1,JAK2,NOT_SIK3
216,216,J01_DGE1,pha-665752,1.0,DGE1,JAK2,NOT_SIK3
217,217,J02_DGE1,plx-4720,1.0,DGE1,NOT_JAK2,NOT_SIK3
218,218,J03_DGE1,dsrna +lipo,,DGE1,NA,NA
219,219,J04_DGE1,hg-9-91-01,3.0,DGE1,NA,SIK3
220,220,J05_DGE1,fedratinib,0.3,DGE1,JAK2,SIK3
221,221,J06_DGE1,kw2449,1.0,DGE1,JAK2,SIK3
222,222,J07_DGE1,sb202190,0.3,DGE1,NOT_JAK2,NA
223,223,J08_DGE1,zm-447439,0.3,DGE1,JAK2,NOT_SIK3
224,224,J09_DGE1,chitosan,1.0,DGE1,NA,NA
225,225,J10_DGE1,gsk1059615,10.0,DGE1,NA,NOT_SIK3
226,226,J11_DGE1,chitosan,1.0,DGE1,NA,NA
227,227,J12_DGE1,(+)-jq1,3.0,DGE1,NA,NA
228,228,J13_DGE1,pf04217903,3.0,DGE1,JAK2,NA
229,229,J14_DGE1,pha-665752,10.0,DGE1,JAK2,NOT_SIK3
230,230,J15_DGE1,pha-665752,10.0,DGE1,JAK2,NOT_SIK3
231,231,J16_DGE1,kw2449,10.0,DGE1,JAK2,SIK3
232,232,J17_DGE1,pazopanib,10.0,DGE1,JAK2,NOT_SIK3
233,233,J18_DGE1,fedratinib,10.0,DGE1,JAK2,SIK3
234,234,J19_DGE1,zm-447439,10.0,DGE1,JAK2,NOT_SIK3
235,235,J20_DGE1,pazopanib,1.0,DGE1,JAK2,NOT_SIK3
236,236,J21_DGE1,fccp,10.0,DGE1,NA,NA
237,237,J22_DGE1,torin1,1.0,DGE1,NA,NOT_SIK3
238,238,J23_DGE1,hg-9-91-01,10.0,DGE1,NA,SIK3
239,239,J24_DGE1,alisertib,10.0,DGE1,JAK2,NA
240,240,K01_DGE1,cabozantinib,0.3,DGE1,NA,NA
241,241,K02_DGE1,gsk1059615,3.0,DGE1,NA,NOT_SIK3
242,242,K03_DGE1,metformin,0.3,DGE1,NA,NA
243,243,K04_DGE1,zm-447439,0.3,DGE1,JAK2,NOT_SIK3
244,244,K05_DGE1,plx-4720,3.0,DGE1,NOT_JAK2,NOT_SIK3
245,245,K06_DGE1,ldn-193189,10.0,DGE1,NA,NA
246,246,K07_DGE1,bx-912,1.0,DGE1,JAK2,NA
247,247,K08_DGE1,torin1,1.0,DGE1,NA,NOT_SIK3
248,248,K09_DGE1,gsk1070916,1.0,DGE1,NA,NA
249,249,K10_DGE1,zm-447439,3.0,DGE1,JAK2,NOT_SIK3
250,250,K11_DGE1,bx-912,3.0,DGE1,JAK2,NA
251,251,K12_DGE1,drug_control,,DGE1,NA,NA
252,252,K13_DGE1,bortezomib,0.3,DGE1,NA,NA
253,253,K14_DGE1,drug_control,,DGE1,NA,NA
254,254,K15_DGE1,nvp-tae684,1.0,DGE1,JAK2,SIK3
255,255,K16_DGE1,metformin,0.3,DGE1,NA,NA
256,256,K17_DGE1,alisertib,10.0,DGE1,JAK2,NA
257,257,K18_DGE1,drug_control,,DGE1,NA,NA
258,258,K19_DGE1,tofacitinib,1.0,DGE1,JAK2,NOT_SIK3
259,259,K20_DGE1,naked dsrna,,DGE1,NA,NA
260,260,K21_DGE1,r 59949,3.0,DGE1,NA,NA
261,261,K22_DGE1,a443654,3.0,DGE1,NOT_JAK2,NA
262,262,K23_DGE1,tofacitinib,3.0,DGE1,JAK2,NOT_SIK3
263,263,K24_DGE1,ldn-193189,0.3,DGE1,NA,NA
264,264,L01_DGE1,(+)-jq1,10.0,DGE1,NA,NA
265,265,L02_DGE1,zm-447439,1.0,DGE1,JAK2,NOT_SIK3
266,266,L03_DGE1,alisertib,1.0,DGE1,JAK2,NA
267,267,L04_DGE1,ldn-193189,0.3,DGE1,NA,NA
268,268,L05_DGE1,chitosan,10.0,DGE1,NA,NA
269,269,L06_DGE1,tofacitinib,0.3,DGE1,JAK2,NOT_SIK3
270,270,L07_DGE1,bx-912,3.0,DGE1,JAK2,NA
271,271,L08_DGE1,torin1,10.0,DGE1,NA,NOT_SIK3
272,272,L10_DGE1,gsk1059615,3.0,DGE1,NA,NOT_SIK3
273,273,L11_DGE1,r 59-022,1.0,DGE1,NA,NA
274,274,L12_DGE1,gsk1059615,1.0,DGE1,NA,NOT_SIK3
275,275,L13_DGE1,drug_control,,DGE1,NA,NA
276,276,L14_DGE1,pazopanib,0.3,DGE1,JAK2,NOT_SIK3
277,277,L15_DGE1,barasertib,0.3,DGE1,JAK2,NA
278,278,L16_DGE1,gsk1070916,0.3,DGE1,NA,NA
279,279,L17_DGE1,brivanib,3.0,DGE1,NOT_JAK2,NOT_SIK3
280,280,L18_DGE1,pazopanib,10.0,DGE1,JAK2,NOT_SIK3
281,281,L19_DGE1,plx-4720,10.0,DGE1,NOT_JAK2,NOT_SIK3
282,282,L20_DGE1,cabozantinib,0.3,DGE1,NA,NA
283,283,L21_DGE1,ruxolitinib,1.0,DGE1,JAK2,SIK3
284,284,L22_DGE1,pf04217903,0.3,DGE1,JAK2,NA
285,285,L23_DGE1,a443654,0.3,DGE1,NOT_JAK2,NA
286,286,L24_DGE1,nvp-tae684,1.0,DGE1,JAK2,SIK3
287,287,M01_DGE1,gsk1070916,0.3,DGE1,NA,NA
288,288,M02_DGE1,r 59-022,10.0,DGE1,NA,NA
289,289,M03_DGE1,barasertib,0.3,DGE1,JAK2,NA
290,290,M04_DGE1,bortezomib,1.0,DGE1,NA,NA
291,291,M05_DGE1,metformin,1.0,DGE1,NA,NA
292,292,M06_DGE1,nvp-tae684,0.3,DGE1,JAK2,SIK3
293,293,M07_DGE1,kw2449,10.0,DGE1,JAK2,SIK3
294,294,M08_DGE1,alisertib,0.3,DGE1,JAK2,NA
295,295,M09_DGE1,tofacitinib,0.3,DGE1,JAK2,NOT_SIK3
296,296,M10_DGE1,pazopanib,3.0,DGE1,JAK2,NOT_SIK3
297,297,M11_DGE1,ruxolitinib,10.0,DGE1,JAK2,SIK3
298,298,M12_DGE1,r 59949,3.0,DGE1,NA,NA
299,299,M13_DGE1,gsk1070916,0.3,DGE1,NA,NA
300,300,M14_DGE1,hg-9-91-01,3.0,DGE1,NA,SIK3
301,301,M15_DGE1,kw2449,3.0,DGE1,JAK2,SIK3
302,302,M16_DGE1,zm-447439,3.0,DGE1,JAK2,NOT_SIK3
303,303,M17_DGE1,plx-4720,1.0,DGE1,NOT_JAK2,NOT_SIK3
304,304,M18_DGE1,pf04217903,3.0,DGE1,JAK2,NA
305,305,M19_DGE1,sb202190,10.0,DGE1,NOT_JAK2,NA
306,306,M20_DGE1,mg-132,10.0,DGE1,NA,NA
307,307,M21_DGE1,kw2449,0.3,DGE1,JAK2,SIK3
308,308,M22_DGE1,nvp-tae684,3.0,DGE1,JAK2,SIK3
309,309,M23_DGE1,metformin,10.0,DGE1,NA,NA
310,310,M24_DGE1,ruxolitinib,10.0,DGE1,JAK2,SIK3
311,311,N01_DGE1,chitosan,10.0,DGE1,NA,NA
312,312,N02_DGE1,(+)-jq1,3.0,DGE1,NA,NA
313,313,N03_DGE1,mg-132,1.0,DGE1,NA,NA
314,314,N04_DGE1,pazopanib,3.0,DGE1,JAK2,NOT_SIK3
315,315,N05_DGE1,plx-4720,1.0,DGE1,NOT_JAK2,NOT_SIK3
316,316,N06_DGE1,nvp-tae684,10.0,DGE1,JAK2,SIK3
317,317,N07_DGE1,torin1,0.3,DGE1,NA,NOT_SIK3
318,318,N08_DGE1,bortezomib,0.3,DGE1,NA,NA
319,319,N09_DGE1,barasertib,1.0,DGE1,JAK2,NA
320,320,N10_DGE1,pazopanib,1.0,DGE1,JAK2,NOT_SIK3
321,321,N11_DGE1,alisertib,0.3,DGE1,JAK2,NA
322,322,N12_DGE1,alisertib,3.0,DGE1,JAK2,NA
323,323,N13_DGE1,pf04217903,1.0,DGE1,JAK2,NA
324,324,N14_DGE1,pf04217903,0.3,DGE1,JAK2,NA
325,325,N15_DGE1,nvp-tae684,3.0,DGE1,JAK2,SIK3
326,326,N16_DGE1,r 59-022,3.0,DGE1,NA,NA
327,327,N17_DGE1,drug_control,,DGE1,NA,NA
328,328,N18_DGE1,drug_control,,DGE1,NA,NA
329,329,N19_DGE1,gsk1059615,0.3,DGE1,NA,NOT_SIK3
330,330,N20_DGE1,r 59-022,0.3,DGE1,NA,NA
331,331,N21_DGE1,barasertib,1.0,DGE1,JAK2,NA
332,332,N22_DGE1,torin1,10.0,DGE1,NA,NOT_SIK3
333,333,N23_DGE1,rotenone,1.0,DGE1,NA,NA
334,334,N24_DGE1,torin1,3.0,DGE1,NA,NOT_SIK3
335,335,O01_DGE1,torin1,3.0,DGE1,NA,NOT_SIK3
336,336,O02_DGE1,ldn-193189,3.0,DGE1,NA,NA
337,337,O03_DGE1,barasertib,1.0,DGE1,JAK2,NA
338,338,O04_DGE1,ruxolitinib,10.0,DGE1,JAK2,SIK3
339,339,O05_DGE1,fedratinib,1.0,DGE1,JAK2,SIK3
340,340,O06_DGE1,drug_control,,DGE1,NA,NA
341,341,O07_DGE1,pha-665752,1.0,DGE1,JAK2,NOT_SIK3
342,342,O08_DGE1,bx-912,0.3,DGE1,JAK2,NA
343,343,O09_DGE1,drug_control,,DGE1,NA,NA
344,344,O10_DGE1,fedratinib,3.0,DGE1,JAK2,SIK3
345,345,O11_DGE1,kw2449,0.3,DGE1,JAK2,SIK3
346,346,O12_DGE1,alisertib,1.0,DGE1,JAK2,NA
347,347,O13_DGE1,gsk1070916,1.0,DGE1,NA,NA
348,348,O15_DGE1,plx-4720,0.3,DGE1,NOT_JAK2,NOT_SIK3
349,349,O16_DGE1,naked dsrna,,DGE1,NA,NA
350,350,O17_DGE1,bx-912,10.0,DGE1,JAK2,NA
351,351,O18_DGE1,pazopanib,0.3,DGE1,JAK2,NOT_SIK3
352,352,O19_DGE1,gsk1070916,3.0,DGE1,NA,NA
353,353,O20_DGE1,fedratinib,0.3,DGE1,JAK2,SIK3
354,354,O21_DGE1,chitosan,10.0,DGE1,NA,NA
355,355,O22_DGE1,metformin,3.0,DGE1,NA,NA
356,356,O23_DGE1,pf04217903,3.0,DGE1,JAK2,NA
357,357,O24_DGE1,zm-447439,3.0,DGE1,JAK2,NOT_SIK3
358,358,P01_DGE1,rotenone,10.0,DGE1,NA,NA
359,359,P02_DGE1,brivanib,1.0,DGE1,NOT_JAK2,NOT_SIK3
360,360,P03_DGE1,alisertib,3.0,DGE1,JAK2,NA
361,361,P04_DGE1,entinostat,0.3,DGE1,NA,NA
362,362,P05_DGE1,entinostat,3.0,DGE1,NA,NA
363,363,P06_DGE1,entinostat,1.0,DGE1,NA,NA
364,364,P07_DGE1,ldn-193189,10.0,DGE1,NA,NA
365,365,P08_DGE1,cabozantinib,1.0,DGE1,NA,NA
366,366,P09_DGE1,bortezomib,3.0,DGE1,NA,NA
367,367,P10_DGE1,r 59-022,10.0,DGE1,NA,NA
368,368,P12_DGE1,bx-912,1.0,DGE1,JAK2,NA
369,369,P13_DGE1,torin1,10.0,DGE1,NA,NOT_SIK3
370,370,P14_DGE1,entinostat,10.0,DGE1,NA,NA
371,371,P15_DGE1,plx-4720,3.0,DGE1,NOT_JAK2,NOT_SIK3
372,372,P16_DGE1,entinostat,3.0,DGE1,NA,NA
373,373,P17_DGE1,plx-4720,3.0,DGE1,NOT_JAK2,NOT_SIK3
374,374,P18_DGE1,gsk1070916,10.0,DGE1,NA,NA
375,375,P19_DGE1,brivanib,10.0,DGE1,NOT_JAK2,NOT_SIK3
376,376,P20_DGE1,lipo control,,DGE1,NA,NA
377,377,P21_DGE1,hg-9-91-01,0.3,DGE1,NA,SIK3
378,378,P22_DGE1,entinostat,10.0,DGE1,NA,NA
379,379,P23_DGE1,bx-912,0.3,DGE1,JAK2,NA
380,380,P24_DGE1,a443654,1.0,DGE1,NOT_JAK2,NA
381,381,A01_DGE2,canertinib,1.0,DGE2,NOT_JAK2,SIK3
382,382,A02_DGE2,ikk16,10.0,DGE2,JAK2,NA
383,383,A03_DGE2,vx-702,10.0,DGE2,NA,NA
384,384,A04_DGE2,nintedanib,1.0,DGE2,JAK2,NOT_SIK3
385,385,A05_DGE2,vorinostat,1.0,DGE2,NOT_JAK2,NA
386,386,A06_DGE2,ponatinib,10.0,DGE2,NA,NA
387,387,A07_DGE2,ponatinib,1.0,DGE2,NA,NA
388,388,A08_DGE2,tofacitinib (dsrnami),10.0,DGE2,NA,NA
389,389,A09_DGE2,dovitinib,10.0,DGE2,JAK2,NA
390,390,A10_DGE2,torin2,1.0,DGE2,NA,NOT_SIK3
391,391,A11_DGE2,baricitinib (dsrnami),10.0,DGE2,NA,NA
392,392,A12_DGE2,dasatinib,1.0,DGE2,JAK2,SIK3
393,393,A13_DGE2,xmd16-144,10.0,DGE2,NOT_JAK2,NA
394,394,A14_DGE2,azd-1480,10.0,DGE2,JAK2,NA
395,395,A15_DGE2,imatinib,10.0,DGE2,NOT_JAK2,NOT_SIK3
396,396,A16_DGE2,gefitinib,10.0,DGE2,NOT_JAK2,NOT_SIK3
397,397,A17_DGE2,imatinib,10.0,DGE2,NOT_JAK2,NOT_SIK3
398,398,A18_DGE2,afatinib,10.0,DGE2,NOT_JAK2,NOT_SIK3
399,399,A19_DGE2,pf-06463922,1.0,DGE2,NA,NA
400,400,A20_DGE2,staurosporine aglycone,1.0,DGE2,NA,NA
401,401,A21_DGE2,palbociclib,10.0,DGE2,JAK2,NOT_SIK3
402,402,A22_DGE2,baricitinib,10.0,DGE2,JAK2,NA
403,403,A23_DGE2,vx-702,1.0,DGE2,NA,NA
404,404,A24_DGE2,erlotinib,1.0,DGE2,JAK2,NOT_SIK3
405,405,B01_DGE2,jwe-035,1.0,DGE2,JAK2,NA
406,406,B02_DGE2,crizotinib,1.0,DGE2,JAK2,NOT_SIK3
407,407,B03_DGE2,azd1480 (lipo),10.0,DGE2,NA,NA
408,408,B04_DGE2,axitinib,10.0,DGE2,JAK2,NOT_SIK3
409,409,B05_DGE2,canertinib,1.0,DGE2,NOT_JAK2,SIK3
410,410,B06_DGE2,pelitinib,10.0,DGE2,JAK2,NA
411,411,B07_DGE2,dmso,,DGE2,NA,NA
412,412,B08_DGE2,baricitinib,1.0,DGE2,JAK2,NA
413,413,B09_DGE2,pelitinib,1.0,DGE2,JAK2,NA
414,414,B10_DGE2,tofacitinib (lipo),10.0,DGE2,NA,NA
415,415,B11_DGE2,ibrutinib,10.0,DGE2,NA,NOT_SIK3
416,416,B12_DGE2,baricitinib,1.0,DGE2,JAK2,NA
417,417,B13_DGE2,pelitinib,1.0,DGE2,JAK2,NA
418,418,B14_DGE2,afatinib,1.0,DGE2,NOT_JAK2,NOT_SIK3
419,419,B15_DGE2,nilotinib,10.0,DGE2,NOT_JAK2,NOT_SIK3
420,420,B16_DGE2,imatinib,10.0,DGE2,NOT_JAK2,NOT_SIK3
421,421,B17_DGE2,xl019 (dsrnami),10.0,DGE2,NA,NA
422,422,B18_DGE2,dactolisib,1.0,DGE2,JAK2,NOT_SIK3
423,423,B19_DGE2,ikk16,1.0,DGE2,JAK2,NA
424,424,B20_DGE2,vorinostat,10.0,DGE2,NOT_JAK2,NA
425,425,B21_DGE2,mrt67307,1.0,DGE2,NA,SIK3
426,426,B22_DGE2,crizotinib,10.0,DGE2,JAK2,NOT_SIK3
427,427,B23_DGE2,palbociclib,1.0,DGE2,JAK2,NOT_SIK3
428,428,B24_DGE2,ponatinib,10.0,DGE2,NA,NA
429,429,C01_DGE2,torin2,1.0,DGE2,NA,NOT_SIK3
430,430,C02_DGE2,xmd16-144,10.0,DGE2,NOT_JAK2,NA
431,431,C03_DGE2,vandetanib,1.0,DGE2,NOT_JAK2,SIK3
432,432,C04_DGE2,xl019 (dsrnami),10.0,DGE2,NA,NA
433,433,C05_DGE2,nintedanib,10.0,DGE2,JAK2,NOT_SIK3
434,434,C06_DGE2,dasatinib,10.0,DGE2,JAK2,SIK3
435,435,C07_DGE2,torin2,1.0,DGE2,NA,NOT_SIK3
436,436,C08_DGE2,otssp167,10.0,DGE2,NA,NA
437,437,C09_DGE2,celastrol,10.0,DGE2,NA,NA
438,438,C10_DGE2,lapatinib,1.0,DGE2,NOT_JAK2,NOT_SIK3
439,439,C11_DGE2,palbociclib,1.0,DGE2,JAK2,NOT_SIK3
440,440,C12_DGE2,y-27632,10.0,DGE2,JAK2,NA
441,441,C13_DGE2,plx-4720,1.0,DGE2,NOT_JAK2,NOT_SIK3
442,442,C14_DGE2,gefitinib,1.0,DGE2,NOT_JAK2,NOT_SIK3
443,443,C15_DGE2,kin001-111,10.0,DGE2,JAK2,NA
444,444,C16_DGE2,otssp167,1.0,DGE2,NA,NA
445,445,C17_DGE2,jwe-035,1.0,DGE2,JAK2,NA
446,446,C18_DGE2,ceritinib,1.0,DGE2,JAK2,NA
447,447,C19_DGE2,ponatinib,1.0,DGE2,NA,NA
448,448,C20_DGE2,resveratrol,1.0,DGE2,JAK2,NA
449,449,C21_DGE2,lapatinib,10.0,DGE2,NOT_JAK2,NOT_SIK3
450,450,C22_DGE2,gefitinib,1.0,DGE2,NOT_JAK2,NOT_SIK3
451,451,C23_DGE2,ceritinib,10.0,DGE2,JAK2,NA
452,452,C24_DGE2,ikk16,1.0,DGE2,JAK2,NA
453,453,D01_DGE2,jwe-035,10.0,DGE2,JAK2,NA
454,454,D02_DGE2,nilotinib,1.0,DGE2,NOT_JAK2,NOT_SIK3
455,455,D03_DGE2,ruxolitinib (dsrnami),10.0,DGE2,NA,NA
456,456,D04_DGE2,erlotinib,10.0,DGE2,JAK2,NOT_SIK3
457,457,D05_DGE2,dmso,,DGE2,NA,NA
458,458,D06_DGE2,nilotinib,10.0,DGE2,NOT_JAK2,NOT_SIK3
459,459,D07_DGE2,dactolisib,1.0,DGE2,JAK2,NOT_SIK3
460,460,D08_DGE2,at9283,1.0,DGE2,JAK2,NA
461,461,D09_DGE2,fedratinib (lipo),1.0,DGE2,NA,NA
462,462,D10_DGE2,vorinostat,1.0,DGE2,NOT_JAK2,NA
463,463,D11_DGE2,ruxolitinib (dsrnami),10.0,DGE2,NA,NA
464,464,D12_DGE2,ceritinib,10.0,DGE2,JAK2,NA
465,465,D13_DGE2,gefitinib,10.0,DGE2,NOT_JAK2,NOT_SIK3
466,466,D14_DGE2,azd-1480,1.0,DGE2,JAK2,NA
467,467,D15_DGE2,regorafenib,1.0,DGE2,NA,NA
468,468,D16_DGE2,erlotinib,1.0,DGE2,JAK2,NOT_SIK3
469,469,D17_DGE2,ly2090314,10.0,DGE2,NA,NA
470,470,D18_DGE2,bix 02565,1.0,DGE2,NA,NA
471,471,D19_DGE2,bix 02565,1.0,DGE2,NA,NA
472,472,D20_DGE2,xl019 (lipo),10.0,DGE2,NA,NA
473,473,D21_DGE2,azd1480 (dsrnami),10.0,DGE2,NA,NA
474,474,D22_DGE2,azd1480 (lipo),10.0,DGE2,NA,NA
475,475,D23_DGE2,dovitinib,1.0,DGE2,JAK2,NA
476,476,D24_DGE2,tofacitinib,10.0,DGE2,JAK2,NOT_SIK3
477,477,E01_DGE2,dsrnami,,DGE2,NA,NA
478,478,E02_DGE2,tofacitinib,1.0,DGE2,JAK2,NOT_SIK3
479,479,E03_DGE2,ibrutinib,1.0,DGE2,NA,NOT_SIK3
480,480,E04_DGE2,belinostat,10.0,DGE2,NA,NA
481,481,E05_DGE2,afatinib,10.0,DGE2,NOT_JAK2,NOT_SIK3
482,482,E06_DGE2,xmd16-144,1.0,DGE2,NOT_JAK2,NA
483,483,E07_DGE2,pelitinib,10.0,DGE2,JAK2,NA
484,484,E08_DGE2,regorafenib,10.0,DGE2,NA,NA
485,485,E09_DGE2,ruxolitinib,10.0,DGE2,JAK2,SIK3
486,486,E10_DGE2,sorafenib,10.0,DGE2,NOT_JAK2,NOT_SIK3
487,487,E11_DGE2,pf-06463922,10.0,DGE2,NA,NA
488,488,E12_DGE2,neratinib,10.0,DGE2,NA,NA
489,489,E13_DGE2,dactolisib,10.0,DGE2,JAK2,NOT_SIK3
490,490,E14_DGE2,dmso,,DGE2,NA,NA
491,491,E15_DGE2,mrt67307,10.0,DGE2,NA,SIK3
492,492,E16_DGE2,h89,10.0,DGE2,NA,NA
493,493,E17_DGE2,dovitinib,10.0,DGE2,JAK2,NA
494,494,E18_DGE2,h89,1.0,DGE2,NA,NA
495,495,E19_DGE2,ponatinib,10.0,DGE2,NA,NA
496,496,E20_DGE2,bosutinib,10.0,DGE2,JAK2,SIK3
497,497,E21_DGE2,kw2449,1.0,DGE2,JAK2,SIK3
498,498,E22_DGE2,ruxolitinib (lipo),10.0,DGE2,NA,NA
499,499,E23_DGE2,xmd16-144,1.0,DGE2,NOT_JAK2,NA
500,500,E24_DGE2,tofacitinib,10.0,DGE2,JAK2,NOT_SIK3
501,501,F01_DGE2,regorafenib,1.0,DGE2,NA,NA
502,502,F02_DGE2,otssp167,10.0,DGE2,NA,NA
503,503,F03_DGE2,xl019 (lipo),10.0,DGE2,NA,NA
504,504,F04_DGE2,vorinostat,10.0,DGE2,NOT_JAK2,NA
505,505,F05_DGE2,ly2090314,1.0,DGE2,NA,NA
506,506,F06_DGE2,canertinib,10.0,DGE2,NOT_JAK2,SIK3
507,507,F07_DGE2,dabrafenib,10.0,DGE2,NA,NA
508,508,F08_DGE2,sunitinib,10.0,DGE2,JAK2,NOT_SIK3
509,509,F09_DGE2,dmso,,DGE2,NA,NA
510,510,F10_DGE2,az-628,10.0,DGE2,NOT_JAK2,NOT_SIK3
511,511,F11_DGE2,ibrutinib,1.0,DGE2,NA,NOT_SIK3
512,512,F12_DGE2,crizotinib,1.0,DGE2,JAK2,NOT_SIK3
513,513,F13_DGE2,y-27632,1.0,DGE2,JAK2,NA
514,514,F14_DGE2,fedratinib,10.0,DGE2,JAK2,SIK3
515,515,F15_DGE2,crizotinib,1.0,DGE2,JAK2,NOT_SIK3
516,516,F16_DGE2,canertinib,10.0,DGE2,NOT_JAK2,SIK3
517,517,F17_DGE2,rucaparib,1.0,DGE2,NA,NA
518,518,F18_DGE2,rucaparib,10.0,DGE2,NA,NA
519,519,F19_DGE2,axitinib,10.0,DGE2,JAK2,NOT_SIK3
520,520,F20_DGE2,resveratrol,1.0,DGE2,JAK2,NA
521,521,F21_DGE2,dasatinib,10.0,DGE2,JAK2,SIK3
522,522,F22_DGE2,pelitinib,10.0,DGE2,JAK2,NA
523,523,F23_DGE2,at9283,1.0,DGE2,JAK2,NA
524,524,F24_DGE2,az-628,1.0,DGE2,NOT_JAK2,NOT_SIK3
525,525,G01_DGE2,fedratinib,10.0,DGE2,JAK2,SIK3
526,526,G02_DGE2,vandetanib,10.0,DGE2,NOT_JAK2,SIK3
527,527,G03_DGE2,enzastaurin,10.0,DGE2,NOT_JAK2,NOT_SIK3
528,528,G04_DGE2,sorafenib,10.0,DGE2,NOT_JAK2,NOT_SIK3
529,529,G05_DGE2,baricitinib (lipo),1.0,DGE2,NA,NA
530,530,G06_DGE2,dactolisib,10.0,DGE2,JAK2,NOT_SIK3
531,531,G07_DGE2,vandetanib,1.0,DGE2,NOT_JAK2,SIK3
532,532,G08_DGE2,fedratinib,1.0,DGE2,JAK2,SIK3
533,533,G09_DGE2,tofacitinib (lipo),10.0,DGE2,NA,NA
534,534,G10_DGE2,belinostat,10.0,DGE2,NA,NA
535,535,G11_DGE2,baricitinib (dsrnami),10.0,DGE2,NA,NA
536,536,G12_DGE2,az-628,1.0,DGE2,NOT_JAK2,NOT_SIK3
537,537,G13_DGE2,baricitinib,10.0,DGE2,JAK2,NA
538,538,G14_DGE2,lapatinib,1.0,DGE2,NOT_JAK2,NOT_SIK3
539,539,G15_DGE2,nintedanib,1.0,DGE2,JAK2,NOT_SIK3
540,540,G16_DGE2,azd-1480,10.0,DGE2,JAK2,NA
541,541,G17_DGE2,ceritinib,1.0,DGE2,JAK2,NA
542,542,G18_DGE2,neratinib,10.0,DGE2,NA,NA
543,543,G19_DGE2,dasatinib,10.0,DGE2,JAK2,SIK3
544,544,G20_DGE2,tofacitinib,10.0,DGE2,JAK2,NOT_SIK3
545,545,G21_DGE2,celastrol,10.0,DGE2,NA,NA
546,546,G22_DGE2,staurosporine aglycone,10.0,DGE2,NA,NA
547,547,G23_DGE2,jwe-035,1.0,DGE2,JAK2,NA
548,548,G24_DGE2,crizotinib,10.0,DGE2,JAK2,NOT_SIK3
549,549,H01_DGE2,sunitinib,1.0,DGE2,JAK2,NOT_SIK3
550,550,H02_DGE2,belinostat,10.0,DGE2,NA,NA
551,551,H03_DGE2,belinostat,1.0,DGE2,NA,NA
552,552,H04_DGE2,bosutinib,10.0,DGE2,JAK2,SIK3
553,553,H05_DGE2,torin2,10.0,DGE2,NA,NOT_SIK3
554,554,H06_DGE2,dovitinib,1.0,DGE2,JAK2,NA
555,555,H07_DGE2,azd1480 (dsrnami),10.0,DGE2,NA,NA
556,556,H08_DGE2,staurosporine aglycone,1.0,DGE2,NA,NA
557,557,H09_DGE2,at9283,10.0,DGE2,JAK2,NA
558,558,H10_DGE2,xl019,10.0,DGE2,JAK2,NA
559,559,H11_DGE2,palbociclib,1.0,DGE2,JAK2,NOT_SIK3
560,560,H12_DGE2,crizotinib,10.0,DGE2,JAK2,NOT_SIK3
561,561,H13_DGE2,axitinib,1.0,DGE2,JAK2,NOT_SIK3
562,562,H14_DGE2,nilotinib,10.0,DGE2,NOT_JAK2,NOT_SIK3
563,563,H15_DGE2,tofacitinib,1.0,DGE2,JAK2,NOT_SIK3
564,564,H16_DGE2,dabrafenib,10.0,DGE2,NA,NA
565,565,H17_DGE2,dovitinib,1.0,DGE2,JAK2,NA
566,566,H18_DGE2,sunitinib,10.0,DGE2,JAK2,NOT_SIK3
567,567,H19_DGE2,pelitinib,1.0,DGE2,JAK2,NA
568,568,H20_DGE2,ruxolitinib,1.0,DGE2,JAK2,SIK3
569,569,H21_DGE2,tofacitinib (lipo),10.0,DGE2,NA,NA
570,570,H22_DGE2,neratinib,10.0,DGE2,NA,NA
571,571,H23_DGE2,dmso,,DGE2,NA,NA
572,572,H24_DGE2,celastrol,1.0,DGE2,NA,NA
573,573,I01_DGE2,vandetanib,10.0,DGE2,NOT_JAK2,SIK3
574,574,I02_DGE2,otssp167,1.0,DGE2,NA,NA
575,575,I03_DGE2,az-628,1.0,DGE2,NOT_JAK2,NOT_SIK3
576,576,I04_DGE2,bosutinib,1.0,DGE2,JAK2,SIK3
577,577,I05_DGE2,plx-4720,1.0,DGE2,NOT_JAK2,NOT_SIK3
578,578,I06_DGE2,vandetanib,10.0,DGE2,NOT_JAK2,SIK3
579,579,I07_DGE2,h89,1.0,DGE2,NA,NA
580,580,I08_DGE2,at9283,1.0,DGE2,JAK2,NA
581,581,I09_DGE2,baricitinib,1.0,DGE2,JAK2,NA
582,582,I10_DGE2,xl019,10.0,DGE2,JAK2,NA
583,583,I11_DGE2,otssp167,1.0,DGE2,NA,NA
584,584,I12_DGE2,mrt67307,1.0,DGE2,NA,SIK3
585,585,I13_DGE2,ikk16,10.0,DGE2,JAK2,NA
586,586,I14_DGE2,xmd16-144,1.0,DGE2,NOT_JAK2,NA
587,587,I15_DGE2,dactolisib,10.0,DGE2,JAK2,NOT_SIK3
588,588,I16_DGE2,baricitinib (lipo),10.0,DGE2,NA,NA
589,589,I17_DGE2,kw2449,10.0,DGE2,JAK2,SIK3
590,590,I18_DGE2,regorafenib,10.0,DGE2,NA,NA
591,591,I19_DGE2,rucaparib,10.0,DGE2,NA,NA
592,592,I20_DGE2,baricitinib (lipo),10.0,DGE2,NA,NA
593,593,I21_DGE2,regorafenib,10.0,DGE2,NA,NA
594,594,I22_DGE2,staurosporine aglycone,10.0,DGE2,NA,NA
595,595,I23_DGE2,dabrafenib,1.0,DGE2,NA,NA
596,596,I24_DGE2,sunitinib,1.0,DGE2,JAK2,NOT_SIK3
597,597,J01_DGE2,pf-06463922,1.0,DGE2,NA,NA
598,598,J02_DGE2,ruxolitinib,10.0,DGE2,JAK2,SIK3
599,599,J03_DGE2,rucaparib,10.0,DGE2,NA,NA
600,600,J04_DGE2,azd-1480,1.0,DGE2,JAK2,NA
601,601,J05_DGE2,palbociclib,10.0,DGE2,JAK2,NOT_SIK3
602,602,J06_DGE2,fedratinib (lipo),1.0,DGE2,NA,NA
603,603,J07_DGE2,dmso,,DGE2,NA,NA
604,604,J08_DGE2,lapatinib,1.0,DGE2,NOT_JAK2,NOT_SIK3
605,605,J09_DGE2,resveratrol,1.0,DGE2,JAK2,NA
606,606,J10_DGE2,sorafenib,1.0,DGE2,NOT_JAK2,NOT_SIK3
607,607,J11_DGE2,vorinostat,1.0,DGE2,NOT_JAK2,NA
608,608,J12_DGE2,nilotinib,1.0,DGE2,NOT_JAK2,NOT_SIK3
609,609,J13_DGE2,ceritinib,1.0,DGE2,JAK2,NA
610,610,J14_DGE2,tofacitinib (dsrnami),10.0,DGE2,NA,NA
611,611,J15_DGE2,kw2449,10.0,DGE2,JAK2,SIK3
612,612,J16_DGE2,afatinib,1.0,DGE2,NOT_JAK2,NOT_SIK3
613,613,J17_DGE2,ruxolitinib (dsrnami),10.0,DGE2,NA,NA
614,614,J18_DGE2,ponatinib,1.0,DGE2,NA,NA
615,615,J19_DGE2,erlotinib,10.0,DGE2,JAK2,NOT_SIK3
616,616,J20_DGE2,vx-702,1.0,DGE2,NA,NA
617,617,J21_DGE2,ibrutinib,10.0,DGE2,NA,NOT_SIK3
618,618,J22_DGE2,baricitinib (dsrnami),10.0,DGE2,NA,NA
619,619,J23_DGE2,xl019,1.0,DGE2,JAK2,NA
620,620,J24_DGE2,staurosporine aglycone,10.0,DGE2,NA,NA
621,621,K01_DGE2,bix 02565,1.0,DGE2,NA,NA
622,622,K02_DGE2,kin001-111,1.0,DGE2,JAK2,NA
623,623,K03_DGE2,sorafenib,1.0,DGE2,NOT_JAK2,NOT_SIK3
624,624,K04_DGE2,plx-4720,1.0,DGE2,NOT_JAK2,NOT_SIK3
625,625,K05_DGE2,sunitinib,1.0,DGE2,JAK2,NOT_SIK3
626,626,K06_DGE2,canertinib,10.0,DGE2,NOT_JAK2,SIK3
627,627,K07_DGE2,nintedanib,1.0,DGE2,JAK2,NOT_SIK3
628,628,K08_DGE2,az-628,10.0,DGE2,NOT_JAK2,NOT_SIK3
629,629,K09_DGE2,kw2449,1.0,DGE2,JAK2,SIK3
630,630,K10_DGE2,enzastaurin,1.0,DGE2,NOT_JAK2,NOT_SIK3
631,631,K11_DGE2,fedratinib,10.0,DGE2,JAK2,SIK3
632,632,K12_DGE2,dasatinib,1.0,DGE2,JAK2,SIK3
633,633,K13_DGE2,bosutinib,1.0,DGE2,JAK2,SIK3
634,634,K14_DGE2,vx-702,10.0,DGE2,NA,NA
635,635,K15_DGE2,jwe-035,10.0,DGE2,JAK2,NA
636,636,K16_DGE2,enzastaurin,1.0,DGE2,NOT_JAK2,NOT_SIK3
637,637,K17_DGE2,fedratinib,1.0,DGE2,JAK2,SIK3
638,638,K18_DGE2,azd-1480,1.0,DGE2,JAK2,NA
639,639,K19_DGE2,ikk16,1.0,DGE2,JAK2,NA
640,640,K20_DGE2,belinostat,1.0,DGE2,NA,NA
641,641,K21_DGE2,xl019,1.0,DGE2,JAK2,NA
642,642,K22_DGE2,celastrol,10.0,DGE2,NA,NA
643,643,K23_DGE2,nilotinib,1.0,DGE2,NOT_JAK2,NOT_SIK3
644,644,K24_DGE2,mrt67307,1.0,DGE2,NA,SIK3
645,645,L01_DGE2,xl019 (lipo),10.0,DGE2,NA,NA
646,646,L02_DGE2,tofacitinib,1.0,DGE2,JAK2,NOT_SIK3
647,647,L03_DGE2,azd-1480,10.0,DGE2,JAK2,NA
648,648,L04_DGE2,y-27632,10.0,DGE2,JAK2,NA
649,649,L05_DGE2,ruxolitinib (lipo),10.0,DGE2,NA,NA
650,650,L06_DGE2,vx-702,10.0,DGE2,NA,NA
651,651,L07_DGE2,dmso,,DGE2,NA,NA
652,652,L08_DGE2,belinostat,1.0,DGE2,NA,NA
653,653,L09_DGE2,axitinib,1.0,DGE2,JAK2,NOT_SIK3
654,654,L10_DGE2,gefitinib,10.0,DGE2,NOT_JAK2,NOT_SIK3
655,655,L11_DGE2,ly2090314,1.0,DGE2,NA,NA
656,656,L12_DGE2,h89,10.0,DGE2,NA,NA
657,657,L13_DGE2,ibrutinib,1.0,DGE2,NA,NOT_SIK3
658,658,L14_DGE2,dasatinib,1.0,DGE2,JAK2,SIK3
659,659,L15_DGE2,tofacitinib (dsrnami),10.0,DGE2,NA,NA
660,660,L16_DGE2,kin001-111,1.0,DGE2,JAK2,NA
661,661,L17_DGE2,enzastaurin,1.0,DGE2,NOT_JAK2,NOT_SIK3
662,662,L18_DGE2,celastrol,1.0,DGE2,NA,NA
663,663,L19_DGE2,bix 02565,10.0,DGE2,NA,NA
664,664,L20_DGE2,dactolisib,1.0,DGE2,JAK2,NOT_SIK3
665,665,L21_DGE2,enzastaurin,10.0,DGE2,NOT_JAK2,NOT_SIK3
666,666,L22_DGE2,ly2090314,1.0,DGE2,NA,NA
667,667,L23_DGE2,dabrafenib,10.0,DGE2,NA,NA
668,668,L24_DGE2,jwe-035,10.0,DGE2,JAK2,NA
669,669,M01_DGE2,nintedanib,10.0,DGE2,JAK2,NOT_SIK3
670,670,M02_DGE2,kin001-111,1.0,DGE2,JAK2,NA
671,671,M03_DGE2,dsrnami,,DGE2,NA,NA
672,672,M04_DGE2,lapatinib,10.0,DGE2,NOT_JAK2,NOT_SIK3
673,673,M05_DGE2,afatinib,1.0,DGE2,NOT_JAK2,NOT_SIK3
674,674,M06_DGE2,lapatinib,10.0,DGE2,NOT_JAK2,NOT_SIK3
675,675,M07_DGE2,regorafenib,1.0,DGE2,NA,NA
676,676,M08_DGE2,dmso,,DGE2,NA,NA
677,677,M09_DGE2,palbociclib,10.0,DGE2,JAK2,NOT_SIK3
678,678,M10_DGE2,dmso,,DGE2,NA,NA
679,679,M11_DGE2,vx-702,1.0,DGE2,NA,NA
680,680,M12_DGE2,vorinostat,10.0,DGE2,NOT_JAK2,NA
681,681,M13_DGE2,rucaparib,1.0,DGE2,NA,NA
682,682,M14_DGE2,axitinib,10.0,DGE2,JAK2,NOT_SIK3
683,683,M15_DGE2,otssp167,10.0,DGE2,NA,NA
684,684,M16_DGE2,sorafenib,1.0,DGE2,NOT_JAK2,NOT_SIK3
685,685,M17_DGE2,ibrutinib,10.0,DGE2,NA,NOT_SIK3
686,686,M18_DGE2,xmd16-144,10.0,DGE2,NOT_JAK2,NA
687,687,M19_DGE2,neratinib,1.0,DGE2,NA,NA
688,688,M20_DGE2,azd1480 (lipo),10.0,DGE2,NA,NA
689,689,M21_DGE2,dsrnami,,DGE2,NA,NA
690,690,M22_DGE2,neratinib,1.0,DGE2,NA,NA
691,691,M23_DGE2,at9283,10.0,DGE2,JAK2,NA
692,692,M24_DGE2,y-27632,10.0,DGE2,JAK2,NA
693,693,N01_DGE2,rucaparib,1.0,DGE2,NA,NA
694,694,N02_DGE2,ruxolitinib,1.0,DGE2,JAK2,SIK3
695,695,N03_DGE2,azd1480 (dsrnami),10.0,DGE2,NA,NA
696,696,N04_DGE2,bix 02565,10.0,DGE2,NA,NA
697,697,N05_DGE2,celastrol,1.0,DGE2,NA,NA
698,698,N06_DGE2,dmso,,DGE2,NA,NA
699,699,N07_DGE2,staurosporine aglycone,1.0,DGE2,NA,NA
700,700,N08_DGE2,neratinib,1.0,DGE2,NA,NA
701,701,N09_DGE2,ikk16,10.0,DGE2,JAK2,NA
702,702,N10_DGE2,resveratrol,10.0,DGE2,JAK2,NA
703,703,N11_DGE2,kin001-111,10.0,DGE2,JAK2,NA
704,704,N12_DGE2,enzastaurin,10.0,DGE2,NOT_JAK2,NOT_SIK3
705,705,N13_DGE2,fedratinib,1.0,DGE2,JAK2,SIK3
706,706,N14_DGE2,fedratinib (dsrnami),1.0,DGE2,NA,NA
707,707,N15_DGE2,imatinib,1.0,DGE2,NOT_JAK2,NOT_SIK3
708,708,N16_DGE2,kw2449,1.0,DGE2,JAK2,SIK3
709,709,N17_DGE2,dabrafenib,1.0,DGE2,NA,NA
710,710,N18_DGE2,imatinib,1.0,DGE2,NOT_JAK2,NOT_SIK3
711,711,N19_DGE2,xl019,1.0,DGE2,JAK2,NA
712,712,N20_DGE2,dabrafenib,1.0,DGE2,NA,NA
713,713,N21_DGE2,fedratinib (lipo),1.0,DGE2,NA,NA
714,714,N22_DGE2,az-628,10.0,DGE2,NOT_JAK2,NOT_SIK3
715,715,N23_DGE2,torin2,10.0,DGE2,NA,NOT_SIK3
716,716,N24_DGE2,erlotinib,10.0,DGE2,JAK2,NOT_SIK3
717,717,O01_DGE2,gefitinib,1.0,DGE2,NOT_JAK2,NOT_SIK3
718,718,O02_DGE2,plx-4720,10.0,DGE2,NOT_JAK2,NOT_SIK3
719,719,O03_DGE2,mrt67307,10.0,DGE2,NA,SIK3
720,720,O04_DGE2,bosutinib,1.0,DGE2,JAK2,SIK3
721,721,O05_DGE2,baricitinib,10.0,DGE2,JAK2,NA
722,722,O06_DGE2,fedratinib (dsrnami),1.0,DGE2,NA,NA
723,723,O07_DGE2,canertinib,1.0,DGE2,NOT_JAK2,SIK3
724,724,O08_DGE2,kw2449,10.0,DGE2,JAK2,SIK3
725,725,O09_DGE2,xl019,10.0,DGE2,JAK2,NA
726,726,O10_DGE2,ly2090314,10.0,DGE2,NA,NA
727,727,O11_DGE2,pf-06463922,10.0,DGE2,NA,NA
728,728,O12_DGE2,axitinib,1.0,DGE2,JAK2,NOT_SIK3
729,729,O13_DGE2,sunitinib,10.0,DGE2,JAK2,NOT_SIK3
730,730,O14_DGE2,afatinib,10.0,DGE2,NOT_JAK2,NOT_SIK3
731,731,O15_DGE2,baricitinib (lipo),10.0,DGE2,NA,NA
732,732,O16_DGE2,baricitinib (lipo),1.0,DGE2,NA,NA
733,733,O17_DGE2,xl019 (dsrnami),10.0,DGE2,NA,NA
734,734,O18_DGE2,at9283,10.0,DGE2,JAK2,NA
735,735,O19_DGE2,baricitinib (lipo),1.0,DGE2,NA,NA
736,736,O20_DGE2,y-27632,1.0,DGE2,JAK2,NA
737,737,O21_DGE2,imatinib,1.0,DGE2,NOT_JAK2,NOT_SIK3
738,738,O22_DGE2,ruxolitinib,1.0,DGE2,JAK2,SIK3
739,739,O23_DGE2,sorafenib,10.0,DGE2,NOT_JAK2,NOT_SIK3
740,740,O24_DGE2,plx-4720,10.0,DGE2,NOT_JAK2,NOT_SIK3
741,741,P01_DGE2,h89,10.0,DGE2,NA,NA
742,742,P02_DGE2,resveratrol,10.0,DGE2,JAK2,NA
743,743,P03_DGE2,dovitinib,10.0,DGE2,JAK2,NA
744,744,P04_DGE2,ruxolitinib (lipo),10.0,DGE2,NA,NA
745,745,P05_DGE2,ly2090314,10.0,DGE2,NA,NA
746,746,P06_DGE2,nintedanib,10.0,DGE2,JAK2,NOT_SIK3
747,747,P07_DGE2,erlotinib,1.0,DGE2,JAK2,NOT_SIK3
748,748,P08_DGE2,h89,1.0,DGE2,NA,NA
749,749,P09_DGE2,mrt67307,10.0,DGE2,NA,SIK3
750,750,P10_DGE2,torin2,10.0,DGE2,NA,NOT_SIK3
751,751,P11_DGE2,dmso,,DGE2,NA,NA
752,752,P12_DGE2,dmso,,DGE2,NA,NA
753,753,P13_DGE2,bosutinib,10.0,DGE2,JAK2,SIK3
754,754,P14_DGE2,ruxolitinib,10.0,DGE2,JAK2,SIK3
755,755,P15_DGE2,ceritinib,10.0,DGE2,JAK2,NA
756,756,P16_DGE2,kin001-111,10.0,DGE2,JAK2,NA
757,757,P17_DGE2,pf-06463922,1.0,DGE2,NA,NA
758,758,P18_DGE2,plx-4720,10.0,DGE2,NOT_JAK2,NOT_SIK3
759,759,P19_DGE2,resveratrol,10.0,DGE2,JAK2,NA
760,760,P20_DGE2,pf-06463922,10.0,DGE2,NA,NA
761,761,P21_DGE2,fedratinib (dsrnami),1.0,DGE2,NA,NA
762,762,P22_DGE2,bix 02565,10.0,DGE2,NA,NA
763,763,P23_DGE2,vandetanib,1.0,DGE2,NOT_JAK2,SIK3
764,764,P24_DGE2,y-27632,1.0,DGE2,JAK2,NA
